id,date,price,bedrooms,bathrooms,sqft_living,sqft_lot,floors,waterfront,view,condition,grade,sqft_above,sqft_basement,yr_built,yr_renovated,zipcode,lat,long,sqft_living15,sqft_lot15,Caro??
1565950030,20150427T000000,364950.0,4,2.5,1930,6957,2.0,0,0,3,8,1930,0,1995,0,98055,47.4309,-122.191,2090,6996,1
646910160,20140903T000000,237000.0,3,2.5,1490,2138,2.0,0,0,3,7,1490,0,2005,0,98055,47.4324,-122.197,1490,2094,0
1742800030,20140612T000000,578000.0,4,2.5,3140,9225,1.0,0,2,5,9,1770,1370,1966,0,98055,47.4904,-122.226,2460,9600,1
2475200140,20150205T000000,370000.0,3,2.0,1680,5036,1.0,0,1,4,7,1680,0,1987,0,98055,47.4734,-122.186,1680,4921,1
8906200070,20150210T000000,280000.0,3,1.5,1670,11610,1.0,0,0,4,7,1670,0,1963,0,98055,47.4404,-122.191,1930,10200,0
3340401555,20141105T000000,235000.0,4,1.5,1690,11054,1.0,0,0,4,5,1690,0,1930,0,98055,47.4667,-122.215,1690,9040,0
9485740340,20150310T000000,346900.0,4,2.5,1970,5106,2.0,0,0,3,8,1970,0,1999,0,98055,47.449,-122.205,2230,5109,0
3294700310,20140902T000000,261000.0,2,1.0,750,8125,1.0,0,0,4,6,750,0,1943,0,98055,47.4727,-122.198,1340,8750,1
2781280390,20150324T000000,290000.0,3,2.5,1610,2937,2.0,0,0,3,8,1610,0,2006,0,98055,47.4489,-122.18799999999999,1610,3049,0
9133600075,20140821T000000,373000.0,3,1.75,1830,11788,1.0,0,1,3,8,1430,400,1958,0,98055,47.4862,-122.22399999999999,2140,11964,1
1742800060,20140612T000000,501000.0,3,1.75,1970,7972,1.0,0,3,5,8,1370,600,1976,0,98055,47.4908,-122.225,2460,9796,1
6623400135,20140522T000000,324000.0,3,2.5,1750,7208,2.0,0,0,3,8,1750,0,1994,0,98055,47.4315,-122.19200000000001,2050,7524,1
8899200570,20150311T000000,280000.0,3,2.25,1900,7800,1.0,0,0,4,8,1390,510,1977,0,98055,47.4545,-122.208,1730,7800,0
2892600016,20150317T000000,197500.0,2,1.0,820,8860,1.0,0,0,3,6,820,0,1950,0,98055,47.452,-122.19,1660,15375,1
3340401535,20141105T000000,140000.0,1,1.0,730,6890,1.0,0,0,4,4,730,0,1926,0,98055,47.467,-122.215,1790,7969,1
2475201180,20150206T000000,303000.0,3,2.5,1560,4100,2.0,0,0,3,7,1560,0,1985,0,98055,47.4733,-122.189,1660,4400,1
7841300505,20141027T000000,430000.0,4,3.75,2452,4800,2.0,0,0,3,7,2452,0,1936,1994,98055,47.4744,-122.213,1180,4800,0
7222000393,20140703T000000,290000.0,3,1.0,1440,11250,1.0,0,0,3,7,1440,0,1967,0,98055,47.4627,-122.213,2200,11250,1
5089700260,20140812T000000,283500.0,4,2.25,2100,8050,2.0,0,0,3,8,2100,0,1978,0,98055,47.4391,-122.193,2190,7700,0
7399300860,20140825T000000,290000.0,3,2.25,1500,7308,1.0,0,0,4,7,1210,290,1968,0,98055,47.4621,-122.18700000000001,1480,7400,1
3276900030,20141006T000000,300000.0,5,2.75,2000,9276,2.0,0,0,4,7,2000,0,1968,0,98055,47.443999999999996,-122.19,1240,8270,0
2143700861,20141030T000000,192000.0,2,1.75,1340,7380,1.0,0,0,3,6,1340,0,1940,0,98055,47.4785,-122.229,1980,9600,0
4202400135,20140626T000000,177500.0,3,1.5,1220,6000,1.0,0,0,3,7,1220,0,1968,0,98055,47.4904,-122.22200000000001,1660,6000,0
646910030,20141104T000000,238000.0,3,2.5,1650,2807,2.0,0,0,3,7,1650,0,2004,0,98055,47.4328,-122.196,1460,1875,0
1823059205,20140604T000000,200000.0,3,1.5,2060,15837,1.5,0,0,3,6,2060,0,1903,0,98055,47.4819,-122.223,2190,8549,0
3260570260,20141204T000000,550000.0,4,3.5,3540,4750,2.0,0,0,3,10,3540,0,2003,0,98055,47.473,-122.193,3310,5655,0
8899210320,20140820T000000,360000.0,3,2.25,2200,8000,2.0,0,0,3,8,2200,0,1981,0,98055,47.4522,-122.208,2170,8000,0
2143700830,20141006T000000,207000.0,4,2.5,2100,19680,1.5,0,0,3,6,2100,0,1914,0,98055,47.4787,-122.23,1340,12300,0
2143700830,20150312T000000,370000.0,4,2.5,2100,19680,1.5,0,0,3,6,2100,0,1914,0,98055,47.4787,-122.23,1340,12300,0
7225000140,20150218T000000,330000.0,4,1.0,1100,5000,1.5,0,0,5,6,1100,0,1904,0,98055,47.4868,-122.204,1560,4838,1
8637100370,20141112T000000,252000.0,3,2.0,1340,5670,2.0,0,0,3,6,1340,0,1994,0,98055,47.4498,-122.194,1290,4892,1
2641400160,20141205T000000,340000.0,4,2.5,2380,7850,2.0,0,0,3,8,2380,0,1995,0,98055,47.4356,-122.20100000000001,1940,7334,0
3294700030,20140509T000000,280950.0,3,1.75,1390,8700,1.0,0,3,4,7,840,550,1912,0,98055,47.4725,-122.20200000000001,1390,10875,1
6623400217,20140515T000000,250000.0,3,1.0,1230,10350,1.0,0,0,4,7,1230,0,1957,0,98055,47.428000000000004,-122.199,1510,10427,1
7231501610,20141023T000000,327000.0,4,1.0,1620,6000,1.5,0,0,5,7,1620,0,1905,0,98055,47.4763,-122.206,1310,6000,1
7471900045,20150421T000000,287500.0,3,2.0,1760,7147,1.0,0,0,4,6,880,880,1936,0,98055,47.4799,-122.23200000000001,1720,7147,0
3185600055,20140611T000000,495000.0,6,5.0,3440,4500,2.0,0,0,3,8,3280,160,2007,0,98055,47.4871,-122.219,1400,5500,0
8106300510,20141229T000000,485000.0,5,2.5,3270,6129,2.0,0,0,3,9,3270,0,2004,0,98055,47.4461,-122.208,2980,5928,0
1723059050,20140611T000000,290300.0,2,1.0,860,3874,1.0,0,0,4,6,860,0,1931,0,98055,47.4836,-122.204,1400,5106,1
7616800350,20150412T000000,285750.0,3,2.25,1960,17126,1.0,0,0,3,8,1400,560,1966,0,98055,47.4436,-122.21,2060,11466,0
7231502505,20150312T000000,220000.0,2,1.0,780,6000,1.0,0,0,5,6,780,0,1923,0,98055,47.4759,-122.208,1080,6000,1
7300000550,20150424T000000,305000.0,3,2.5,1714,3240,2.0,0,0,3,8,1714,0,2005,0,98055,47.4288,-122.19,1714,3240,0
7399301050,20150127T000000,315000.0,3,1.75,1480,7500,1.0,0,0,4,7,1480,0,1968,0,98055,47.4629,-122.18700000000001,1480,7500,1
7224000315,20140723T000000,256000.0,3,1.0,880,5375,1.0,0,0,4,5,880,0,1924,0,98055,47.4858,-122.20200000000001,980,4838,1
5070000100,20140711T000000,205000.0,3,1.5,1820,8585,1.0,0,0,4,7,1820,0,1962,0,98055,47.4479,-122.213,1740,10088,0
3340401570,20140703T000000,312500.0,3,1.75,1830,7969,1.0,0,0,3,7,930,900,1950,2008,98055,47.4667,-122.214,1790,7425,0
9460000110,20140924T000000,280000.0,3,1.75,2630,6500,1.0,0,0,3,7,1330,1300,1958,0,98055,47.4878,-122.221,2520,6500,0
7225000090,20141017T000000,245000.0,2,2.0,1070,4500,1.0,0,0,4,6,910,160,1932,0,98055,47.4896,-122.204,1280,4500,1
522059013,20140612T000000,173000.0,2,1.0,820,10450,1.0,0,0,4,7,820,0,1965,0,98055,47.4261,-122.199,1240,11200,1
2475200590,20150421T000000,244000.0,3,1.75,1460,4692,1.0,0,0,3,7,1460,0,1988,0,98055,47.472,-122.19200000000001,1600,4557,0
7226500100,20150219T000000,373000.0,8,3.0,2850,12714,1.0,0,0,3,7,2850,0,1959,0,98055,47.4859,-122.205,1480,4942,0
7399300850,20141003T000000,290000.0,3,2.25,1500,7482,1.0,0,0,4,7,1210,290,1968,0,98055,47.4619,-122.18700000000001,1480,7308,1
87000283,20141118T000000,359950.0,3,2.5,1980,7800,2.0,0,0,3,8,1980,0,1999,0,98055,47.4492,-122.199,1700,20580,1
7221400495,20140717T000000,400000.0,3,1.75,2110,19600,1.0,0,0,4,8,2110,0,1959,0,98055,47.4742,-122.198,880,10077,1
87000245,20140930T000000,170000.0,3,0.75,1040,42180,1.0,0,0,2,6,1040,0,1947,0,98055,47.4518,-122.199,1270,24090,0
9485750110,20140918T000000,366000.0,3,1.75,1680,6108,1.0,0,0,3,8,1680,0,1989,0,98055,47.4501,-122.208,2220,5664,1
8106300820,20140814T000000,500000.0,3,2.5,3040,5326,2.0,0,0,3,9,3040,0,2008,0,98055,47.4472,-122.20700000000001,3040,5442,0
1565950090,20150305T000000,308000.0,4,2.5,2020,7277,2.0,0,0,3,8,2020,0,1993,0,98055,47.4318,-122.19,2820,7284,0
7224500300,20150325T000000,221000.0,3,1.0,1240,5250,1.5,0,0,4,6,1240,0,1904,0,98055,47.4917,-122.206,1240,5250,0
3223059015,20150410T000000,397500.0,3,2.5,1860,44093,1.0,0,0,3,7,1860,0,1978,0,98055,47.4381,-122.18799999999999,1900,6130,1
7224500090,20150407T000000,414000.0,2,1.0,800,5000,1.0,0,0,3,6,800,0,1938,0,98055,47.4914,-122.204,1220,5000,1
7226000110,20140726T000000,205000.0,2,1.0,900,4397,1.0,0,0,3,6,900,0,1918,0,98055,47.4851,-122.205,1430,4500,1
7399301100,20141204T000000,315000.0,3,1.75,1480,6800,1.0,0,0,4,7,1480,0,1968,0,98055,47.4633,-122.18799999999999,1500,7900,1
8899210680,20140915T000000,359000.0,3,2.5,2430,7857,2.0,0,0,5,8,1730,700,1980,0,98055,47.4546,-122.211,2160,8740,0
5648600190,20150429T000000,310000.0,3,2.5,1670,5791,2.0,0,0,3,7,1670,0,1995,0,98055,47.4424,-122.18799999999999,1610,6034,1
5438000280,20150415T000000,325000.0,3,1.75,2920,10573,1.0,0,0,4,7,2920,0,1964,0,98055,47.4429,-122.195,1560,10572,0
1823059028,20150224T000000,312500.0,4,1.75,2280,7840,1.0,0,0,3,7,1280,1000,1957,0,98055,47.4809,-122.22399999999999,2120,7260,0
740500010,20140807T000000,270000.0,4,1.0,1900,8505,1.0,0,0,3,7,1200,700,1956,0,98055,47.4406,-122.196,1440,8505,0
6673050020,20150401T000000,300000.0,6,2.5,2590,11250,1.0,0,0,4,8,1390,1200,1978,0,98055,47.4608,-122.196,2270,8360,0
8106300840,20140721T000000,485000.0,3,2.5,2870,5490,2.0,0,0,3,9,2870,0,2008,0,98055,47.4471,-122.20700000000001,3040,5442,0
4204400098,20150119T000000,250000.0,5,1.75,2190,8250,1.0,0,2,3,7,1190,1000,1963,0,98055,47.4887,-122.223,2570,8250,0
4204400098,20150421T000000,385000.0,5,1.75,2190,8250,1.0,0,2,3,7,1190,1000,1963,0,98055,47.4887,-122.223,2570,8250,0
2641400290,20141028T000000,349000.0,4,2.5,1800,7620,2.0,0,0,3,8,1800,0,1995,0,98055,47.4346,-122.20100000000001,1800,6879,1
8860500130,20140717T000000,365000.0,4,3.5,2720,6781,2.0,0,0,3,8,2100,620,1999,0,98055,47.4612,-122.215,2280,5942,0
2475200080,20140908T000000,268000.0,3,1.75,1250,5546,1.0,0,0,4,7,1250,0,1987,0,98055,47.4725,-122.18700000000001,1640,4791,1
7224000545,20140825T000000,370000.0,4,3.0,2130,4838,1.5,0,0,4,7,2130,0,1930,0,98055,47.4871,-122.20299999999999,1070,4838,0
3806000005,20141030T000000,110000.0,2,1.0,760,4746,1.0,0,0,3,5,760,0,1930,0,98055,47.4836,-122.214,1360,7810,0
7224000980,20140610T000000,100000.0,4,1.0,1120,2685,1.0,0,0,3,5,860,260,1939,0,98055,47.4904,-122.20299999999999,1120,4838,0
2781280290,20150427T000000,305000.0,3,2.5,1610,3516,2.0,0,0,3,8,1610,0,2006,0,98055,47.4491,-122.18799999999999,1610,3056,1
7839300185,20150206T000000,225000.0,3,1.0,1340,4800,1.5,0,0,4,5,1340,0,1903,0,98055,47.477,-122.209,1240,4800,0
9117000170,20150505T000000,268643.0,4,2.25,1810,9240,2.0,0,0,3,7,1810,0,1961,0,98055,47.4362,-122.18700000000001,1660,9240,0
7231501665,20150403T000000,277000.0,4,1.0,1500,5750,1.5,0,0,3,6,1500,0,1925,0,98055,47.4768,-122.206,1330,5750,1
8899000050,20150325T000000,313100.0,4,2.5,2660,9030,1.0,0,0,4,7,1450,1210,1977,0,98055,47.4558,-122.212,1870,9030,0
5438000080,20141210T000000,264950.0,3,1.5,1400,10853,1.0,0,0,4,7,1400,0,1964,0,98055,47.4433,-122.194,1620,10849,1
7224000950,20141103T000000,238950.0,2,1.0,810,4838,1.0,0,0,3,5,810,0,1938,0,98055,47.4909,-122.20299999999999,890,4838,1
2698200010,20150513T000000,165000.0,3,1.0,1380,7334,1.0,0,0,3,7,980,400,1981,0,98055,47.4339,-122.19200000000001,1910,7859,0
8899000190,20141212T000000,301000.0,3,1.75,1840,7200,1.0,0,0,4,7,1220,620,1968,0,98055,47.456,-122.209,1770,8075,0
8899000430,20150217T000000,325500.0,4,1.75,2290,8142,1.0,0,0,4,7,1490,800,1969,0,98055,47.4564,-122.211,1840,8142,0
3260570290,20150424T000000,549900.0,4,3.5,3420,4751,2.0,0,0,3,10,3420,0,2003,0,98055,47.4734,-122.193,3490,5700,0
806000020,20150310T000000,203000.0,3,1.5,1200,9120,1.0,0,0,3,7,1000,200,1963,0,98055,47.4545,-122.18700000000001,1640,9200,0
2475200290,20141020T000000,332544.0,2,1.75,1710,4187,1.0,0,0,3,7,1710,0,1987,0,98055,47.4732,-122.18799999999999,1760,4084,1
5672000020,20140805T000000,272000.0,3,1.5,1380,11760,1.0,0,0,4,7,1380,0,1963,0,98055,47.4243,-122.20200000000001,1650,9855,1
1565950670,20150225T000000,380500.0,3,2.5,1900,7361,2.0,0,0,3,8,1900,0,1994,0,98055,47.4324,-122.191,2100,7361,1
7399300780,20150429T000000,337500.0,3,2.25,1530,6600,1.0,0,0,4,7,1240,290,1968,0,98055,47.461999999999996,-122.18799999999999,1500,7700,1
9415950020,20140608T000000,260000.0,4,2.5,1811,4381,2.0,0,0,3,8,1811,0,2007,0,98055,47.45399999999999,-122.19,1811,4150,0
8899100230,20150311T000000,345000.0,3,1.75,1520,7439,1.0,0,0,4,7,1520,0,1969,0,98055,47.457,-122.208,1650,7500,1
3378100100,20150317T000000,345000.0,4,1.5,1540,7168,1.0,0,0,3,7,1160,380,1964,0,98055,47.455,-122.198,1540,7176,1
2475200870,20140917T000000,250000.0,2,1.5,1200,5773,2.0,0,0,3,7,1200,0,1985,0,98055,47.4723,-122.19,1530,4576,1
8093600065,20141231T000000,205000.0,4,1.0,1030,6621,1.0,0,0,4,6,1030,0,1955,0,98055,47.4857,-122.221,1420,6631,1
6623400246,20140523T000000,200000.0,4,1.0,1350,11507,1.0,0,0,3,7,1350,0,1966,0,98055,47.4269,-122.197,1320,25675,0
7300000650,20140702T000000,340000.0,4,2.5,1954,4805,2.0,0,0,3,8,1954,0,2005,0,98055,47.4297,-122.19,1714,3259,0
2923059064,20150217T000000,199000.0,2,1.0,1140,15120,1.0,0,0,4,6,990,150,1932,0,98055,47.4521,-122.196,2320,11250,0
522059172,20140814T000000,220000.0,3,1.0,1460,10200,1.0,0,0,4,7,1460,0,1957,0,98055,47.4238,-122.197,1460,8500,0
7841300535,20150409T000000,225000.0,2,2.5,1560,5333,1.0,0,0,3,5,780,780,1947,0,98055,47.4749,-122.213,1010,4800,0
7399000360,20150513T000000,330000.0,4,1.75,1720,8300,1.0,0,0,4,8,1720,0,1965,0,98055,47.4654,-122.194,1840,8300,1
8899210090,20140714T000000,360000.0,3,2.25,2130,8466,1.0,0,0,3,7,1290,840,1983,0,98055,47.4537,-122.211,2250,9682,0
7882900120,20140507T000000,230000.0,3,2.5,1920,9180,2.0,0,0,3,8,1920,0,1988,0,98055,47.4818,-122.23100000000001,1930,7252,0
7238000330,20141218T000000,480000.0,3,2.5,2980,7338,2.0,0,0,3,8,2980,0,2006,0,98055,47.437,-122.20700000000001,3010,5267,0
9564800145,20140506T000000,175000.0,3,1.0,1010,7034,1.0,0,0,3,7,1010,0,1954,0,98055,47.49,-122.22,1440,10994,0
8899200110,20140603T000000,235000.0,3,2.0,1530,8700,1.0,0,0,4,7,1530,0,1970,0,98055,47.4529,-122.20700000000001,1960,7600,0
9117000230,20150409T000000,287000.0,3,1.75,1940,9000,1.0,0,0,3,7,1290,650,1965,0,98055,47.4361,-122.189,1900,9120,0
6624300110,20140623T000000,375000.0,4,2.5,1870,7471,2.0,0,0,3,8,1870,0,1990,0,98055,47.4314,-122.204,2020,8912,1
8106300090,20150428T000000,479950.0,3,2.5,2810,4984,1.0,0,0,3,9,1750,1060,2006,0,98055,47.4461,-122.209,2810,5711,0
6623400090,20150421T000000,222000.0,2,1.0,1550,38449,1.0,0,0,3,6,1550,0,1947,0,98055,47.4315,-122.199,1188,25875,0
4204400175,20150217T000000,439000.0,5,3.5,2880,10000,2.0,0,3,3,8,1980,900,1991,0,98055,47.4874,-122.223,2120,9535,0
8860500150,20140613T000000,380000.0,4,2.5,2540,6365,2.0,0,0,3,8,1870,670,2000,0,98055,47.4608,-122.215,2290,5942,0
4204400201,20141021T000000,216180.0,2,1.0,1120,7797,1.0,0,0,3,6,1120,0,1948,0,98055,47.4871,-122.22,2180,7200,1
1565950230,20141120T000000,305000.0,3,2.5,2100,6825,2.0,0,0,3,8,2100,0,1994,0,98055,47.4314,-122.189,2180,7614,0
1352300315,20140808T000000,219950.0,2,1.0,1010,4120,2.0,0,0,3,6,1010,0,1907,1953,98055,47.488,-122.2,1200,4120,1
5054800110,20141016T000000,238000.0,5,2.25,2240,9652,2.0,0,0,3,7,2240,0,1990,0,98055,47.4249,-122.211,2180,11644,0
5054800110,20150213T000000,328000.0,5,2.25,2240,9652,2.0,0,0,3,7,2240,0,1990,0,98055,47.4249,-122.211,2180,11644,0
2475201070,20140716T000000,259000.0,3,1.75,1240,4000,1.0,0,0,3,7,1240,0,1986,0,98055,47.4728,-122.191,1570,4586,1
740500070,20141006T000000,265000.0,3,1.5,1460,8505,1.0,0,0,4,7,1460,0,1955,0,98055,47.4402,-122.195,1580,8505,1
7840800135,20141119T000000,290000.0,1,2.0,1240,4800,2.0,0,0,3,6,1240,0,1910,0,98055,47.4778,-122.211,1030,4800,1
8083350070,20141217T000000,235000.0,2,2.25,1660,2748,2.0,0,0,3,7,1660,0,1995,0,98055,47.4333,-122.212,1620,3167,0
6623400187,20140923T000000,185000.0,4,1.0,1760,8906,1.0,0,0,3,7,1230,530,1966,0,98055,47.4288,-122.198,1180,10407,0
6623400187,20150220T000000,365000.0,4,1.0,1760,8906,1.0,0,0,3,7,1230,530,1966,0,98055,47.4288,-122.198,1180,10407,1
9485750240,20141017T000000,395000.0,3,2.5,2310,4930,2.0,0,0,4,8,2310,0,1989,0,98055,47.4512,-122.208,2230,5324,0
7461400400,20141103T000000,334000.0,5,1.75,2590,6720,1.0,0,0,4,7,1750,840,1979,0,98055,47.435,-122.19200000000001,1820,7521,0
3294700421,20150225T000000,389000.0,3,1.5,2030,10075,1.0,0,0,5,7,1080,950,1961,0,98055,47.4713,-122.197,2210,10075,1
2475200370,20141020T000000,350000.0,3,2.5,1630,5996,2.0,0,0,3,7,1630,0,1986,0,98055,47.4738,-122.19,1660,4504,1
7221400320,20141003T000000,213000.0,2,1.0,750,6089,1.0,0,2,3,6,750,0,1937,0,98055,47.475,-122.199,1430,6451,1
3294700320,20150331T000000,325000.0,2,1.0,1070,8750,1.0,0,0,3,7,1070,0,1951,0,98055,47.4734,-122.198,1300,9670,1
8899000310,20150317T000000,288000.0,3,1.5,1300,7313,1.0,0,0,4,7,1300,0,1968,0,98055,47.4568,-122.21,1770,8075,1
646910560,20150306T000000,260000.0,3,2.5,1770,2677,2.0,0,0,3,7,1770,0,2005,0,98055,47.4339,-122.194,1550,1798,0
7399300510,20150204T000000,294900.0,3,2.25,1500,8100,1.0,0,0,3,7,1210,290,1968,0,98055,47.4632,-122.19,1600,7896,1
6402710070,20150421T000000,280000.0,3,2.5,1580,7918,2.0,0,0,3,7,1580,0,1994,0,98055,47.4431,-122.19,1650,7916,0
7225000045,20140828T000000,207100.0,2,1.0,1000,4500,1.0,0,0,3,6,1000,0,1916,0,98055,47.4896,-122.204,980,4837,1
7399200240,20150317T000000,325000.0,4,2.0,1870,7700,1.0,0,0,3,8,1870,0,1966,0,98055,47.4619,-122.196,2270,8580,0
3023059012,20140910T000000,389900.0,4,1.0,1710,117176,1.5,0,0,4,6,1710,0,1942,0,98055,47.4497,-122.212,1940,12223,1
1823059159,20150506T000000,298000.0,2,1.0,850,5000,1.0,0,0,3,5,850,0,1907,0,98055,47.4874,-122.20700000000001,910,4815,1
8898700960,20140620T000000,329950.0,3,2.5,1820,8085,2.0,0,0,3,7,1820,0,1983,0,98055,47.4575,-122.204,1860,8625,1
7399200510,20140812T000000,383000.0,4,2.5,2370,10580,2.0,0,0,3,8,2370,0,1966,0,98055,47.464,-122.19200000000001,1590,8584,0
2143700935,20140903T000000,317000.0,6,3.5,2120,5840,2.0,0,0,5,7,2120,0,1979,0,98055,47.4788,-122.227,1860,8000,0
5438000160,20140609T000000,213400.0,3,1.5,1150,8686,1.0,0,0,4,7,1150,0,1963,0,98055,47.4417,-122.194,1760,8798,1
7399000350,20141104T000000,300000.0,3,2.0,1550,8300,1.0,0,0,4,8,1550,0,1965,0,98055,47.4654,-122.195,1860,8000,1
4204400339,20140925T000000,194000.0,3,1.0,1400,7955,1.0,0,0,3,7,1400,0,1964,0,98055,47.4848,-122.221,1160,14959,0
1352300520,20150113T000000,294000.0,3,3.0,1670,4120,1.5,0,0,3,7,1140,530,1929,2012,98055,47.4881,-122.199,1010,4120,0
1352300990,20140826T000000,126000.0,1,1.0,610,4400,1.0,0,0,3,5,610,0,1922,0,98055,47.4865,-122.197,1090,4930,1
9133600135,20150211T000000,160000.0,4,2.25,1800,14722,1.0,0,0,3,7,1440,360,1962,0,98055,47.4874,-122.223,2400,10000,0
2892700041,20140714T000000,168000.0,3,1.5,1370,7439,1.0,0,0,4,6,1370,0,1963,0,98055,47.4499,-122.189,2350,3370,0
2892700041,20150128T000000,238000.0,3,1.5,1370,7439,1.0,0,0,4,6,1370,0,1963,0,98055,47.4499,-122.189,2350,3370,0
5438000060,20141103T000000,250000.0,3,2.25,1620,10850,1.0,0,0,3,7,1620,0,1966,0,98055,47.4437,-122.194,1910,10568,0
1565950260,20140515T000000,349950.0,3,2.5,1700,7496,2.0,0,0,3,8,1700,0,1994,0,98055,47.431999999999995,-122.189,2280,7496,1
8899000140,20140828T000000,263000.0,3,1.5,1300,7885,1.0,0,0,3,7,1300,0,1968,0,98055,47.4556,-122.209,1840,7600,1
6623400193,20140903T000000,257000.0,3,1.0,1450,7850,1.5,0,0,5,7,1450,0,1910,0,98055,47.4299,-122.199,1360,10400,0
7399000230,20150107T000000,350000.0,4,2.5,2260,7500,1.0,0,0,3,8,1460,800,1965,0,98055,47.4645,-122.196,2260,7500,0
7222000209,20140521T000000,344500.0,4,2.75,1800,5453,1.0,0,0,3,7,1050,750,2002,0,98055,47.4632,-122.209,1820,6900,1
5089700720,20150127T000000,335000.0,4,2.25,2400,8592,2.0,0,0,3,8,2400,0,1978,0,98055,47.4383,-122.193,2180,8100,0
646910620,20140922T000000,242500.0,3,1.75,1550,1905,2.0,0,0,3,7,1550,0,2005,0,98055,47.4331,-122.195,1550,1866,0
5365200040,20141016T000000,235000.0,3,1.0,1270,7153,1.0,0,0,5,6,1270,0,1949,0,98055,47.4815,-122.226,1650,7153,1
2143700676,20140908T000000,240000.0,3,1.0,1040,7800,1.0,0,0,3,7,1040,0,1948,0,98055,47.4804,-122.229,1780,8400,1
2475200330,20150403T000000,350000.0,3,2.25,2010,4400,1.5,0,0,3,7,2010,0,1986,0,98055,47.4735,-122.189,1720,4187,0
3223059123,20140630T000000,550000.0,4,1.5,2750,128502,1.0,0,0,2,7,1500,1250,1958,0,98055,47.4345,-122.198,1470,11514,1
8106300970,20141010T000000,490000.0,3,2.5,3080,7363,2.0,0,0,3,9,3080,0,2006,0,98055,47.4473,-122.205,2860,5273,0
6402710120,20140505T000000,309950.0,3,2.5,1880,7838,2.0,0,0,3,7,1880,0,1994,0,98055,47.4439,-122.19,1810,7915,0
7841300230,20150501T000000,324950.0,4,2.0,2160,4800,2.0,0,0,4,7,1290,870,1929,0,98055,47.4777,-122.212,1570,4800,0
7399200770,20141209T000000,417400.0,3,3.0,2680,12285,1.0,0,0,4,8,2680,0,1970,0,98055,47.4633,-122.196,2610,9558,0
8558600085,20140509T000000,311100.0,4,2.25,2130,8078,1.0,0,0,4,7,1380,750,1977,0,98055,47.4482,-122.209,2300,8112,0
7399100040,20150309T000000,185000.0,3,1.5,1200,1848,2.0,0,0,3,8,1200,0,1966,0,98055,47.4658,-122.191,1270,1848,0
8899200720,20150331T000000,312000.0,3,2.25,1470,7857,1.0,0,0,4,7,1180,290,1973,0,98055,47.4547,-122.209,1900,7600,1
9133600120,20150408T000000,417000.0,3,2.5,2040,11211,2.0,0,0,3,8,2040,0,2000,0,98055,47.4867,-122.223,1830,11964,1
2068500210,20150409T000000,234300.0,3,1.0,1140,9779,1.0,0,0,3,7,1140,0,1963,0,98055,47.424,-122.20100000000001,1520,9814,1
7224000450,20141230T000000,230000.0,6,1.5,1810,4838,1.5,0,0,4,5,1050,760,1905,0,98055,47.4874,-122.20200000000001,1300,4838,0
2698200210,20140908T000000,274000.0,3,1.75,1440,7198,1.0,0,0,3,7,990,450,1981,0,98055,47.4333,-122.194,1550,7156,1
3185600040,20140522T000000,180000.0,2,1.0,1400,4500,1.0,0,0,3,7,900,500,1922,0,98055,47.4866,-122.219,1400,5500,0
3185600040,20141224T000000,310000.0,2,1.0,1400,4500,1.0,0,0,3,7,900,500,1922,0,98055,47.4866,-122.219,1400,5500,1
3123059107,20140520T000000,555000.0,3,2.5,3050,158558,1.0,0,0,4,9,3050,0,1987,0,98055,47.4326,-122.208,2960,31050,1
4202400395,20150316T000000,285000.0,3,1.75,1930,6533,1.0,0,0,3,7,1230,700,1960,0,98055,47.4883,-122.221,2030,5954,0
7399000580,20141117T000000,318000.0,4,2.25,2180,7000,1.0,0,0,3,8,1680,500,1969,0,98055,47.4651,-122.19200000000001,2000,8000,0
8898700120,20140604T000000,400000.0,3,2.0,2260,11305,1.0,0,0,3,7,1130,1130,1986,0,98055,47.4544,-122.204,2080,10248,0
3223059141,20140509T000000,360000.0,2,1.0,1420,81892,1.0,0,0,3,7,1180,240,1956,0,98055,47.4342,-122.195,1490,1863,1
2781280150,20140801T000000,190000.0,2,2.5,1100,1737,2.0,0,0,3,8,1100,0,2006,0,98055,47.4499,-122.189,1610,2563,0
8898700880,20150317T000000,295000.0,2,2.0,1590,8000,1.0,0,0,3,7,910,680,1984,0,98055,47.458999999999996,-122.205,1590,8364,1
7461400360,20150421T000000,299000.0,1,2.5,1980,7521,1.0,0,0,4,7,1180,800,1979,0,98055,47.4343,-122.19200000000001,1980,8000,0
1352300120,20140529T000000,262000.0,2,1.0,1500,4120,1.5,0,0,3,5,880,620,1928,0,98055,47.4857,-122.2,1300,4120,0
8899210610,20140723T000000,325000.0,3,2.5,2330,8627,1.0,0,0,4,7,1480,850,1980,0,98055,47.4543,-122.21,1940,9607,0
646910150,20150326T000000,183750.0,3,2.5,1770,3451,2.0,0,0,3,7,1770,0,2004,0,98055,47.4325,-122.197,1490,2138,0
7225000155,20140609T000000,290000.0,4,3.0,2390,4500,2.0,0,0,3,7,2390,0,1974,0,98055,47.4872,-122.204,1320,4500,0
7399300120,20140502T000000,260000.0,4,2.0,1480,8625,1.0,0,0,4,7,1480,0,1974,0,98055,47.461999999999996,-122.193,2130,8502,0
9117100040,20140828T000000,375000.0,5,1.5,2050,9360,1.0,0,0,3,7,1520,530,1968,0,98055,47.43600000000001,-122.195,1840,9383,1
7936800150,20140702T000000,394500.0,4,2.5,3002,6042,2.0,0,0,3,8,3002,0,2004,0,98055,47.4231,-122.186,2566,6390,0
9485760050,20140826T000000,297950.0,3,2.0,1390,5127,1.0,0,0,3,8,1390,0,1990,0,98055,47.4504,-122.206,1960,5019,1
1823059030,20140818T000000,159000.0,3,1.0,1320,6534,1.0,0,0,3,7,1320,0,1952,0,98055,47.4806,-122.223,2140,7405,0
3223059217,20141104T000000,225000.0,2,1.0,940,15000,1.0,0,0,3,7,940,0,1960,0,98055,47.4312,-122.195,1450,15000,1
8898700440,20141124T000000,290000.0,2,2.0,1590,9375,1.0,0,0,3,7,910,680,1983,0,98055,47.4585,-122.205,1560,8524,1
9133600130,20150105T000000,344500.0,3,1.75,1890,9535,1.0,0,0,3,7,1210,680,1976,0,98055,47.4872,-122.223,2040,11108,1
4202400078,20150128T000000,175000.0,2,1.0,1410,7000,1.0,0,0,3,7,1410,0,1968,0,98055,47.4908,-122.223,1540,6000,0
4202400078,20150428T000000,335000.0,2,1.0,1410,7000,1.0,0,0,3,7,1410,0,1968,0,98055,47.4908,-122.223,1540,6000,1
8956500020,20140818T000000,338000.0,3,2.5,1590,7819,2.0,0,0,3,7,1590,0,1992,0,98055,47.4367,-122.199,1790,7733,1
87000006,20150413T000000,275000.0,4,1.75,1680,19405,1.0,0,0,4,7,1560,120,1959,0,98055,47.4552,-122.20200000000001,2000,12900,0
646910020,20140828T000000,250000.0,3,2.5,1650,2802,2.0,0,0,3,7,1650,0,2004,0,98055,47.4328,-122.196,1490,2084,0
3294700101,20140909T000000,295000.0,2,1.75,1050,6500,1.5,0,2,4,6,1050,0,1925,0,98055,47.4727,-122.2,1320,10075,1
9460000010,20141203T000000,285000.0,3,1.75,1990,6500,1.0,0,0,3,7,1090,900,1961,0,98055,47.488,-122.221,2150,6500,0
87000213,20140613T000000,129000.0,2,1.0,1150,30184,1.0,0,0,3,6,1150,0,1950,0,98055,47.4492,-122.2,1670,19684,0
8898700680,20140730T000000,295500.0,3,1.75,1330,10523,1.0,0,0,3,7,1000,330,1981,0,98055,47.4605,-122.206,1320,8775,1
7231600098,20141014T000000,225000.0,2,1.0,700,6000,1.0,0,0,3,6,700,0,1943,0,98055,47.4671,-122.212,1320,6000,1
7224500010,20140603T000000,253000.0,2,1.75,1220,5000,1.0,0,0,5,7,860,360,1921,0,98055,47.4906,-122.204,1120,5000,1
3023059071,20150210T000000,631000.0,4,4.0,2630,59586,1.0,0,0,3,7,1470,1160,1963,0,98055,47.4496,-122.209,2230,5715,1
511700170,20150505T000000,350000.0,4,2.25,1780,10416,1.0,0,0,5,7,1060,720,1963,0,98055,47.4414,-122.189,1780,9975,1
3223059173,20141104T000000,275000.0,4,2.0,1480,15000,1.0,0,0,4,7,1480,0,1957,0,98055,47.4312,-122.196,1450,8768,1
7399300420,20140818T000000,255000.0,3,1.0,1170,7395,1.0,0,0,4,7,1170,0,1969,0,98055,47.4627,-122.19,1430,7920,1
7200080,20141104T000000,239000.0,4,2.0,1980,10585,1.5,0,0,2,6,1980,0,1924,0,98055,47.4836,-122.214,1360,7810,0
5648600010,20150426T000000,290000.0,3,2.5,1580,6860,2.0,0,0,3,7,1580,0,1995,0,98055,47.4447,-122.18799999999999,1580,7050,1
646910480,20141120T000000,206000.0,2,2.5,1280,1566,2.0,0,0,3,7,1280,0,2005,0,98055,47.4336,-122.195,1460,1845,0
7200179,20141016T000000,150000.0,2,1.0,840,12750,1.0,0,0,3,6,840,0,1925,0,98055,47.483999999999995,-122.211,1480,6969,0
7200179,20150424T000000,175000.0,2,1.0,840,12750,1.0,0,0,3,6,840,0,1925,0,98055,47.483999999999995,-122.211,1480,6969,1
7841300285,20140811T000000,199950.0,1,1.5,1048,4800,1.0,0,0,3,7,1048,0,1942,0,98055,47.4759,-122.212,950,4800,1
3276200280,20141219T000000,296500.0,3,1.5,1580,10100,1.0,0,0,4,7,1580,0,1961,0,98055,47.4423,-122.193,1650,10032,1
88000591,20150414T000000,212000.0,3,1.0,1000,9450,1.0,0,0,3,6,1000,0,1962,0,98055,47.4562,-122.193,1300,13500,1
6623400050,20140909T000000,180000.0,4,1.0,1470,18581,1.5,0,0,3,6,1470,0,1924,0,98055,47.4336,-122.197,1770,18581,0
7222000244,20150223T000000,300000.0,3,3.0,2850,9375,1.0,0,0,3,8,2240,610,1977,0,98055,47.4655,-122.209,1800,9375,0
1742800430,20150504T000000,463828.0,5,1.75,3250,13702,1.0,0,2,3,8,1650,1600,1965,0,98055,47.4883,-122.225,2620,11328,0
7221400285,20150209T000000,265000.0,2,1.0,820,8423,1.0,0,2,3,6,820,0,1957,0,98055,47.4741,-122.2,1960,9140,1
9117100130,20140812T000000,368500.0,5,1.75,2810,9360,1.0,0,0,4,7,1520,1290,1965,0,98055,47.4361,-122.193,1770,9360,0
7225000215,20150407T000000,249500.0,2,1.0,900,4500,1.0,0,0,3,6,900,0,1951,0,98055,47.4881,-122.204,860,4500,1
2475200930,20140722T000000,289000.0,3,1.75,1690,3449,1.0,0,0,3,7,1690,0,1987,0,98055,47.4719,-122.191,1530,4093,0
2892600056,20150106T000000,216000.0,2,1.0,1130,12500,1.0,0,0,4,7,1130,0,1953,0,98055,47.4514,-122.18700000000001,1270,10798,1
7224500375,20140715T000000,305000.0,3,1.0,1030,5350,1.0,0,0,3,7,1030,0,1924,2009,98055,47.4905,-122.206,1030,5250,1
1352300580,20141114T000000,247000.0,1,1.0,460,4120,1.0,0,0,3,4,460,0,1937,0,98055,47.4868,-122.199,990,4120,1
8898701340,20141029T000000,290000.0,3,2.5,1190,8175,1.0,0,0,3,7,1190,0,1986,0,98055,47.4556,-122.20299999999999,2230,9520,1
88000790,20140714T000000,252000.0,3,1.0,1170,9730,1.0,0,0,3,7,1170,0,1968,1986,98055,47.4562,-122.196,1680,10125,1
3811300110,20150406T000000,349950.0,5,2.5,2250,7176,1.0,0,0,3,7,1310,940,1983,0,98055,47.4486,-122.194,1550,9081,0
740500040,20141001T000000,265000.0,4,1.0,1860,8505,1.0,0,0,4,7,1860,0,1955,0,98055,47.4406,-122.194,1560,8505,0
8898700820,20140707T000000,170500.0,2,1.0,1060,7700,1.0,0,0,3,7,820,240,1981,0,98055,47.4599,-122.205,1370,8833,0
3223059206,20140627T000000,235000.0,3,1.75,1950,8712,1.0,0,0,3,7,1950,0,1960,0,98055,47.4391,-122.189,1820,11520,0
5089700300,20150311T000000,365650.0,4,2.25,2380,7700,2.0,0,0,4,8,2380,0,1977,0,98055,47.4391,-122.194,2100,7700,0
7399100210,20141126T000000,140000.0,3,1.5,1200,2002,2.0,0,0,3,8,1200,0,1966,0,98055,47.4659,-122.189,1270,1848,0
3811300090,20140724T000000,325000.0,3,1.75,1810,8048,1.0,0,0,4,7,1290,520,1983,0,98055,47.4484,-122.194,1550,9081,0
8860500300,20140718T000000,330000.0,3,2.5,1870,4657,2.0,0,0,3,8,1870,0,2000,0,98055,47.4615,-122.214,2290,4795,0
5089700750,20140509T000000,320000.0,4,2.25,2310,7490,2.0,0,0,3,8,2310,0,1980,0,98055,47.4379,-122.19200000000001,2310,8480,0
88000173,20141015T000000,333000.0,4,2.0,2750,9001,1.0,0,0,3,8,2750,0,2008,0,98055,47.457,-122.189,1340,11050,0
2023059052,20150504T000000,450000.0,3,1.0,1350,92721,1.0,0,0,2,6,1200,150,1946,0,98055,47.4657,-122.198,1860,8096,1
5070000120,20140813T000000,269950.0,3,1.5,1740,9547,1.0,0,0,4,7,1740,0,1962,0,98055,47.4475,-122.213,1780,9936,0
2143700406,20141211T000000,300000.0,3,2.25,2000,7560,1.0,0,0,3,7,1400,600,1979,0,98055,47.4798,-122.228,2040,6949,0
522059189,20150417T000000,235000.0,3,1.0,1460,8400,1.0,0,0,3,7,1460,0,1958,0,98055,47.4243,-122.198,1460,9600,0
2781280310,20141222T000000,274000.0,3,2.5,1830,2517,2.0,0,0,3,8,1830,0,2005,0,98055,47.4496,-122.189,1610,2762,0
1441000350,20140915T000000,440000.0,4,3.5,3180,4869,2.0,0,0,3,8,2390,790,2007,0,98055,47.4482,-122.206,2850,4500,0
3943600070,20140811T000000,400000.0,3,2.5,2393,4788,2.0,0,0,3,8,2393,0,2012,0,98055,47.4517,-122.204,2439,5477,0
7238000240,20150218T000000,489000.0,3,2.5,3080,5598,2.0,0,0,3,8,3080,0,2006,0,98055,47.4372,-122.206,3080,5303,0
6817750140,20140708T000000,293000.0,3,2.25,1910,3481,2.0,0,0,3,8,1910,0,2009,0,98055,47.4293,-122.18799999999999,1714,3177,0
2781280300,20141016T000000,249900.0,3,2.5,1610,3517,2.0,0,0,3,8,1610,0,2005,0,98055,47.4496,-122.189,1830,2889,0
7222000090,20140506T000000,580000.0,4,3.25,3569,8327,2.0,0,0,3,10,3569,0,2013,0,98055,47.4595,-122.208,2550,5251,0
1441000090,20141126T000000,485000.0,4,3.5,3273,5115,2.0,0,0,3,8,2671,602,2014,0,98055,47.4477,-122.204,2996,5100,0
2143700756,20140929T000000,388000.0,4,2.5,2090,5040,2.0,0,0,3,9,2090,0,2014,0,98055,47.4797,-122.23,1430,12000,1
6817750110,20140710T000000,307000.0,4,2.5,1714,3080,2.0,0,0,3,8,1714,0,2009,0,98055,47.428999999999995,-122.18799999999999,1714,3250,0
8559300020,20140528T000000,499950.0,4,2.5,2798,4473,2.0,0,0,3,9,2798,0,2012,0,98055,47.4295,-122.205,2358,4593,0
2143701015,20141210T000000,290500.0,4,3.25,2510,7686,2.0,0,0,3,9,2510,0,2003,0,98055,47.4785,-122.228,2510,6732,0
